Company,Position,Location,Tags,Apply Link
PingCAP,EMEA Solutions Engineer,"Remote in Germany, Netherlands, the United Kingdom and Ireland","design, system, technical, support, software, financial, cloud, nosql, management, content, senior, marketing, sales, engineer, linux, executive, e-commerce, digital nomad",https://remoteOK.com/remote-jobs/remote-emea-solutions-engineer-pingcap-1093492
HappyCo,Customer Support Operations Lead,USA,"saas, training, support, happiness, qa, cloud, mobile, strategy, management, lead, operations, operational, recruitment, educational",https://remoteOK.com/remote-jobs/remote-customer-support-operations-lead-happyco-1093490
Arbitrum Foundation,Growth Marketer,,"growth, design, web3, defi, ethereum, security, consultant, support, education, finance, strategy, management, lead, content, marketer, marketing, analytics, health, healthcare, recruitment, full-time, digital nomad",https://remoteOK.com/remote-jobs/remote-growth-marketer-arbitrum-foundation-1093483
Pano AI,Senior Software Engineer Full Stack,"San Francisco, California","software, design, saas, salesforce, system, front-end, frontend, security, docker, technical, support, growth, code, web, devops, java, cloud, git, leader, senior, health, recruiting, engineer, backend, digital nomad",https://remoteOK.com/remote-jobs/remote-senior-software-engineer-full-stack-pano-ai-1093481
GuideWell,Fullstack Developer JS Developer,,"developer, design, react, system, training, technical, testing, web, js, javascript, java, nodejs, mern, mobile, management, lead, senior, jquery, health, fullstack, digital nomad",https://remoteOK.com/remote-jobs/remote-fullstack-developer-js-developer-guidewell-1093480
TrueML,Data Engineer II,,"design, python, technical, support, software, code, financial, cloud, senior, engineer, engineering, apache, digital nomad",https://remoteOK.com/remote-jobs/remote-data-engineer-ii-trueml-1093479
Medely,Back End Engineer,,"system, technical, recruiter, support, software, code, javascript, ruby, rails, api, mobile, strategy, management, senior, healthcare, recruiting, engineer, engineering",https://remoteOK.com/remote-jobs/remote-back-end-engineer-medely-1093475
DoiT,Senior Backend Engineer,,"golang, senior, engineer, engineering, backend, full-time",https://remoteOK.com/remote-jobs/remote-senior-backend-engineer-doit-1093474
Medely,Staff Front End Engineer,,"design, react, graphql, architect, technical, recruiter, support, software, director, code, web, mobile, management, lead, healthcare, recruiting, engineer, engineering, digital nomad",https://remoteOK.com/remote-jobs/remote-staff-front-end-engineer-medely-1093473
Commonwealth Fusion Systems,Senior Scientific Software Engineer Magnet Protection Systems,"Devens, MA","software, system, python, technical, test, growth, code, travel, lead, senior, operational, excel, engineer, full-time",https://remoteOK.com/remote-jobs/remote-senior-scientific-software-engineer-magnet-protection-systems-commonwealth-fusion-systems-1093472
,,,,https://remoteOK.com/remote-jobs/remote-1093471
LaunchDarkly,Staff Engineer Distributed Systems,,"golang, software, engineer",https://remoteOK.com/remote-jobs/remote-staff-engineer-distributed-systems-launchdarkly-1093469
2100 NVIDIA USA,Senior Site Reliability Engineer ML Platforms,"US, CA, Santa Clara","system, python, training, support, software, code, devops, cloud, leader, management, senior, operational, reliability, go, engineer, engineering",https://remoteOK.com/remote-jobs/remote-senior-site-reliability-engineer-ml-platforms-2100-nvidia-usa-1093465
Temporal,Senior Software Engineer Open Source Server,,"golang, software, senior, engineer",https://remoteOK.com/remote-jobs/remote-senior-software-engineer-open-source-server-temporal-1093463
Unikraft,Golang Engineer,,"golang, software, cloud, golang, engineer",https://remoteOK.com/remote-jobs/remote-golang-engineer-unikraft-1093462
Unikraft,Golang Engineer,,"golang, software, cloud, golang, engineer",https://remoteOK.com/remote-jobs/remote-golang-engineer-unikraft-1093459
Orga AI,Senior Python Backend Engineer,,"dev, python, senior, backend, ops, startup, aws",https://remoteOK.com/remote-jobs/remote-senior-python-backend-engineer-orga-ai-1093458
GoDevs,Go Developer Consultant,,"golang, consultant, developer, go, engineering, backend, digital nomad",https://remoteOK.com/remote-jobs/remote-go-developer-consultant-godevs-1093457
Hex Trust,VP Associate Talent Acquisition,Hong Kong,"web3, crypto, hr, training, support, growth, financial, fintech, banking, strategy, lead, senior, operations, analytics, health, recruitment, branding, executive",https://remoteOK.com/remote-jobs/remote-vp-associate-talent-acquisition-hex-trust-1093456
Mysten Labs,Software Engineer Interop,,"software, design, technical, support, growth, education, investment, finance, c++, reliability, engineer, digital nomad",https://remoteOK.com/remote-jobs/remote-software-engineer-interop-mysten-labs-1093455
Gametime,Senior Backend Engineer II,,"golang, senior, engineer, backend",https://remoteOK.com/remote-jobs/remote-senior-backend-engineer-ii-gametime-1093453
Inngest,Infrastructure Engineer,,"golang, developer, engineer, engineering, digital nomad",https://remoteOK.com/remote-jobs/remote-infrastructure-engineer-inngest-1093452
Interviews Chat,React Native Developer,,"dev, react native",https://remoteOK.com/remote-jobs/remote-react-native-developer-interviews-chat-1093451
Jump,Software Engineer,,"engineer, dev, full time, api",https://remoteOK.com/remote-jobs/remote-software-engineer-jump-1093450
Included Health,Mental Health Therapist,Remote,"support, medical, health, healthcare, recruiting, non tech",https://remoteOK.com/remote-jobs/remote-mental-health-therapist-included-health-1093448
Allegiant,Heavy Maintenance Representative,"Las Vegas, NV","director, travel, manager, financial, education, senior, non tech",https://remoteOK.com/remote-jobs/remote-heavy-maintenance-representative-allegiant-1093447
TransPerfect,Freelance Screenshot Collector Chinese,,"ios, macos, content",https://remoteOK.com/remote-jobs/remote-freelance-screenshot-collector-chinese-transperfect-1093446
MoonPay,Workday HR Systems Analyst,,"hr, analyst, web3, crypto, system, security, training, recruiter, support, software, voice, manager, video, lead, operations, operational",https://remoteOK.com/remote-jobs/remote-workday-hr-systems-analyst-moonpay-1093445
Finoa,Information Security Officer,,"security, crypto, cryptocurrency, training, technical, support, growth, management",https://remoteOK.com/remote-jobs/remote-information-security-officer-finoa-1093444
IO Global,Software Engineer Ledger IOE Cardano,,"software, web3, testing, code, finance, haskell, git, operations, engineer, engineering",https://remoteOK.com/remote-jobs/remote-software-engineer-ledger-ioe-cardano-io-global-1093443
Keyrock,PR & Events Intern Digital Assets,,"design, web3, defi, crypto, nft, support, growth, manager, management, marketing, recruitment, branding, internship, digital nomad",https://remoteOK.com/remote-jobs/remote-pr-events-intern-digital-assets-keyrock-1093442
OneSignal,Senior Staff Software Engineer Backend,,"golang, software, web, mobile, senior, engineer, backend",https://remoteOK.com/remote-jobs/remote-senior-staff-software-engineer-backend-onesignal-1093441
Autopilot,Opportunity for Golang Experts > who can think and work Full Stack,,"golang, code, golang, engineer",https://remoteOK.com/remote-jobs/remote-opportunity-for-golang-experts-who-can-think-and-work-full-stack-autopilot-1093440
Swipe Games,Senior Fullstack Developer,,"dev, front end, backend, full stack, javascript, node, react",https://remoteOK.com/remote-jobs/remote-senior-fullstack-developer-swipe-games-1093439
Binkies,Customer Content Manager,,"manager, 3d, training, technical, web, video, content, recruitment, educational",https://remoteOK.com/remote-jobs/remote-customer-content-manager-binkies-1093438
TransPerfect,English Language Data Annotator,,"react, teach, training, speech, management, legal, recruitment, full-time, non tech",https://remoteOK.com/remote-jobs/remote-english-language-data-annotator-transperfect-1093437
Aircall,Customer Support Manager United States,Remote NA,"manager, saas, technical, support, growth, director, voice, management, operational, sales",https://remoteOK.com/remote-jobs/remote-customer-support-manager-united-states-aircall-1093436
TransPerfect,Freelance English Annotators,,"voice, speech",https://remoteOK.com/remote-jobs/remote-freelance-english-annotators-transperfect-1093435
2100 NVIDIA USA,Senior System Software Engineer Cloud Networking,"US, CA, Santa Clara","system, software, design, gaming, technical, support, test, growth, code, cloud, leader, senior, engineer, linux, digital nomad",https://remoteOK.com/remote-jobs/remote-senior-system-software-engineer-cloud-networking-2100-nvidia-usa-1093434
Highspot,Solutions Consultant,United States,"consultant, salesforce, infosec, technical, support, software, api, microsoft, management, lead, content, sales, health, engineer, executive",https://remoteOK.com/remote-jobs/remote-solutions-consultant-highspot-1093433
Tether Operations Limited,Print & Multimedia Designer,,"design, cryptocurrency, bitcoin, designer, support, growth, financial, video, fintech, leader, content, ops, marketing, branding, digital nomad",https://remoteOK.com/remote-jobs/remote-print-multimedia-designer-tether-operations-limited-1093432
DeepHealth,Senior Regulatory Specialist,,"design, system, technical, support, software, travel, education, management, senior, marketing, healthcare, digital nomad",https://remoteOK.com/remote-jobs/remote-senior-regulatory-specialist-deephealth-1093431
Ibility,Grants Auditor Hybrid with Travel,Washington DC,"travel, design, support, testing, accounting, financial, management, operational, excel, digital nomad",https://remoteOK.com/remote-jobs/remote-grants-auditor-hybrid-with-travel-ibility-1093430
Soda,Senior UI UX Designer Data & AI Platform,,"front end, design",https://remoteOK.com/remote-jobs/remote-senior-ui-ux-designer-data-ai-platform-soda-1093427
Ethena Labs,Compliance Operations Specialist,Globally Remote,"design, defi, crypto, ethereum, support, growth, manager, financial, investor, finance, strategy, operations, operational, legal, digital nomad",https://remoteOK.com/remote-jobs/remote-compliance-operations-specialist-ethena-labs-1093423
Tether Operations Limited,Event Assistant,,"assistant, bitcoin, support, growth, travel, manager, financial, fintech, microsoft, leader, management, ops, executive",https://remoteOK.com/remote-jobs/remote-event-assistant-tether-operations-limited-1093421
Tinybird,Site Reliability Engineer,,"design, ansible, system, python, architect, software, code, web, c++, cloud, reliability, health, engineer, backend, digital nomad",https://remoteOK.com/remote-jobs/remote-site-reliability-engineer-tinybird-1093416
Arbitrum Foundation,Developer Relations Engineer,Remote,"developer, web3, cryptocurrency, ethereum, security, technical, support, growth, code, education, finance, content, health, healthcare, engineer, engineering, recruitment, educational, full-time, digital nomad",https://remoteOK.com/remote-jobs/remote-developer-relations-engineer-arbitrum-foundation-1093415
Interaction Design Foundation,Organic and Paid Growth Specialist,,"marketing, content writing, education, ads, social media",https://remoteOK.com/remote-jobs/remote-organic-and-paid-growth-specialist-interaction-design-foundation-1093414
AMK Solutions,Senior Full Stack Engineer,,dev,https://remoteOK.com/remote-jobs/remote-senior-full-stack-engineer-amk-solutions-1093412
Teracy,Founding Engineer,,"dev, full stack",https://remoteOK.com/remote-jobs/remote-founding-engineer-teracy-1093410
Tether Operations Limited,Senior Backend Developer Node,,"developer, bitcoin, security, growth, financial, fintech, c++, node, leader, senior, ops, backend, digital nomad",https://remoteOK.com/remote-jobs/remote-senior-backend-developer-node-tether-operations-limited-1093406
Liatrio,Enterprise Cloud Architect,Remote,"architect, consulting, technical, support, developer, software, testing, director, code, travel, devops, financial, cloud, microsoft, management, lead, healthcare, digital nomad",https://remoteOK.com/remote-jobs/remote-enterprise-cloud-architect-liatrio-1093403
Melapress,Senior WordPress Plugins Developer,,"dev, wordpress, php, javascript, java",https://remoteOK.com/remote-jobs/remote-senior-wordpress-plugins-developer-melapress-1093402
Lemon.io,Senior AI Engineer Python & LLM Engineer,,"python, aws, gcp, azure, OpenAI, LLM, javascript, react, ruby, react native, node, blockchain, Svelte, UI/UX, design, product design, shopify, typescript, figma, wordpress, engineer, senior, dev, english, backend, full time, remote",https://remoteOK.com/remote-jobs/remote-senior-ai-engineer-python-llm-engineer-lemon-io-1093400
Salesforge,Senior Golang Backend Engineer,,"golang, software, senior, sales, golang, engineer, backend",https://remoteOK.com/remote-jobs/remote-senior-golang-backend-engineer-salesforge-1093398
Autopilot,Opportunity for Golang Experts > who can think and work Full Stack,,"golang, code, fintech, golang, engineer",https://remoteOK.com/remote-jobs/remote-opportunity-for-golang-experts-who-can-think-and-work-full-stack-autopilot-1093399
Canva,Senior Platform Engineer open across ANZ,,"golang, senior, engineer",https://remoteOK.com/remote-jobs/remote-senior-platform-engineer-open-across-anz-canva-1093391
Magnet Forensics,Senior Software Engineer,Canada,"software, reactjs, embedded, frontend, security, testing, code, git, postgresql, api, leader, senior, sales, engineer, engineering, recruitment, linux",https://remoteOK.com/remote-jobs/remote-senior-software-engineer-magnet-forensics-1093389
TransPerfect,Freelance English Annotators,,"voice, speech",https://remoteOK.com/remote-jobs/remote-freelance-english-annotators-transperfect-1093388
JumpCloud,Principal Software Engineer,,"golang, software, engineer",https://remoteOK.com/remote-jobs/remote-principal-software-engineer-jumpcloud-1093387
Foodsmart,Registered Dietitian,US,"system, founder, support, financial, video, health",https://remoteOK.com/remote-jobs/remote-registered-dietitian-foodsmart-1093385
Sprinto,Market Research Executive,Bengaluru,"security, growth, investment, operational, sales, executive",https://remoteOK.com/remote-jobs/remote-market-research-executive-sprinto-1093384
Sprinto,Lifecycle Marketer,India,"security, technical, copywriting, content, marketer, marketing, health",https://remoteOK.com/remote-jobs/remote-lifecycle-marketer-sprinto-1093383
Meeting Tomorrow,Creative Event Producer Fully,Remote - United States only,"design, training, technical, support, travel, strategy, management, lead, sales, branding, digital nomad",https://remoteOK.com/remote-jobs/remote-creative-event-producer-fully-meeting-tomorrow-1093382
"Swiftly, Inc.",Account Executive,Remote,"saas, salesforce, training, support, growth, travel, strategy, sales, executive",https://remoteOK.com/remote-jobs/remote-account-executive-swiftly-inc-1093381
PayNearMe,Site Reliability Engineer,,"golang, reliability, engineer",https://remoteOK.com/remote-jobs/remote-site-reliability-engineer-paynearme-1093380
QAD,Senior Golang Software Engineer,,"golang, software, saas, senior, golang, engineer",https://remoteOK.com/remote-jobs/remote-senior-golang-software-engineer-qad-1093376
Tether Operations Limited,Event Assistant,,"assistant, bitcoin, support, growth, travel, manager, financial, fintech, microsoft, leader, management, ops, executive",https://remoteOK.com/remote-jobs/remote-event-assistant-tether-operations-limited-1093373
Vida Health,Staff Physician,United States,"system, training, recruiter, support, test, education, management, medical, healthcare, recruitment",https://remoteOK.com/remote-jobs/remote-staff-physician-vida-health-1093372
Ethena Labs,Content and Community Lead,Globally Remote,"design, web3, defi, crypto, ethereum, growth, voice, financial, finance, strategy, lead, content, marketing, branding, digital nomad",https://remoteOK.com/remote-jobs/remote-content-and-community-lead-ethena-labs-1093370
SOFTGAMES,Data Engineer Fully,,"training, game, gaming, mobile, operations, engineer, apache",https://remoteOK.com/remote-jobs/remote-data-engineer-fully-softgames-1093369
Hostaway,Sales Development Representative ANZ,,"saas, support, growth, lead, marketing, sales, health",https://remoteOK.com/remote-jobs/remote-sales-development-representative-anz-hostaway-1093368
The Sales Centre Co.,Personal Assistant,,"assistant, support, microsoft, content, sales, non tech",https://remoteOK.com/remote-jobs/remote-personal-assistant-the-sales-centre-co-1093366
bloXroute Labs,Software Engineering Team Lead,Remote,"software, ethereum, support, testing, lead, go, engineering, backend",https://remoteOK.com/remote-jobs/remote-software-engineering-team-lead-bloxroute-labs-1093363
Gorin Systems,Flutter Developer,,"developer, design, training, technical, software, git, flutter, lead, digital nomad",https://remoteOK.com/remote-jobs/remote-flutter-developer-gorin-systems-1093360
Brookview Lawncare,Virtual Assistant $25 Hourly,,customer support,https://remoteOK.com/remote-jobs/remote-virtual-assistant-25-hourly-brookview-lawncare-1093358
Hostaway,Onboarding Specialist French Speaking Spain Italy Portugal UK,,"saas, training, support, growth, sales, health",https://remoteOK.com/remote-jobs/remote-onboarding-specialist-french-speaking-spain-italy-portugal-uk-hostaway-1093357
The Sales Centre Co.,Personal Assistant,,"assistant, support, microsoft, content, sales, non tech",https://remoteOK.com/remote-jobs/remote-personal-assistant-the-sales-centre-co-1093356
RainFocus,Project Manager,"Lehi, Utah","manager, training, consulting, technical, support, software, travel, financial, microsoft, management, marketing",https://remoteOK.com/remote-jobs/remote-project-manager-rainfocus-1093355
Jito Foundation,Head of APAC BD,"Remote, Singapore &amp; HK preferred - other APAC locations considered","defi, crypto, growth, lead",https://remoteOK.com/remote-jobs/remote-head-of-apac-bd-jito-foundation-1093353
Triple A Technologies Pte,Software Development Engineer,,"golang, software, engineer",https://remoteOK.com/remote-jobs/remote-software-development-engineer-triple-a-technologies-pte-1093351
Toku,Token Plan Administrator,United States,"support, payroll, financial, education, administrator, operations, non tech",https://remoteOK.com/remote-jobs/remote-token-plan-administrator-toku-1093348
Pryon,Senior Staff Engineer Infrastructure,,"design, security, architect, technical, code, devops, cloud, management, senior, operational, engineer, engineering, digital nomad",https://remoteOK.com/remote-jobs/remote-senior-staff-engineer-infrastructure-pryon-1093343
Caiz,Social Media Manager,,"manager, crypto, system, security, support, voice, financial, finance, strategy, management, content, senior, operations, marketing",https://remoteOK.com/remote-jobs/remote-social-media-manager-caiz-1093342
MoonPay,Senior Backend Engineer,,"web3, crypto, nft, embedded, training, architect, recruiter, software, voice, manager, video, cloud, lead, senior, engineer, engineering, backend",https://remoteOK.com/remote-jobs/remote-senior-backend-engineer-moonpay-1093336
Toku,Senior UI Engineer Senior Frontend Engineer,,"frontend, ui, design, crypto, react, system, front-end, security, full-stack, technical, support, web, financial, fintech, typescript, management, senior, operations, engineer, engineering, backend, digital nomad",https://remoteOK.com/remote-jobs/remote-senior-ui-engineer-senior-frontend-engineer-toku-1093332
MoonPay,Blockchain Engineer,,"web3, defi, crypto, nft, cryptocurrency, ethereum, training, recruiter, software, voice, manager, javascript, video, typescript, mobile, engineer, engineering",https://remoteOK.com/remote-jobs/remote-blockchain-engineer-moonpay-1093331
Ontario Securities Commission,Senior Crypto and Open Source Intelligence Specialist,CA ON Toronto,"crypto, cryptocurrency, system, security, training, consulting, technical, support, web, manager, accounting, financial, education, investor, strategy, management, lead, senior, junior, operations, analytics, engineering, recruitment",https://remoteOK.com/remote-jobs/remote-senior-crypto-and-open-source-intelligence-specialist-ontario-securities-commission-1093329
2100 NVIDIA USA,Senior Systems Engineer Autonomous Vehicle Infrastructure,"US, CA, Santa Clara","design, security, python, developer, software, code, cloud, leader, management, lead, senior, operational, reliability, go, engineer, engineering, digital nomad",https://remoteOK.com/remote-jobs/remote-senior-systems-engineer-autonomous-vehicle-infrastructure-2100-nvidia-usa-1093327
110 Yahoo Holdings Inc.,Senior Production Engineer,US - United States of America,"design, security, recruiter, support, software, code, education, cloud, content, senior, operations, operational, analytics, engineer, engineering, fellowship, digital nomad",https://remoteOK.com/remote-jobs/remote-senior-production-engineer-110-yahoo-holdings-inc-1093325
Forbright Bank,Associate Senior Associate Underwriting Real Estate Finance,"Los Angeles, CA","embedded, growth, financial, finance, banking, bank, management, senior",https://remoteOK.com/remote-jobs/remote-associate-senior-associate-underwriting-real-estate-finance-forbright-bank-1093324
ControlShift,Software Engineer,,"dev, ruby, vue",https://remoteOK.com/remote-jobs/remote-software-engineer-controlshift-1093322
Colibri Group,Sales Development Representative,1 Remote,"software, education, microsoft, lead, marketing, sales",https://remoteOK.com/remote-jobs/remote-sales-development-representative-colibri-group-1093321
Notabene,Business Development Executive,,"saas, crypto, cryptocurrency, support, travel, manager, financial, rails, sales, executive",https://remoteOK.com/remote-jobs/remote-business-development-executive-notabene-1093319
TELUS Digital,Rater the United States,,"quality assurance, other",https://remoteOK.com/remote-jobs/remote-rater-the-united-states-telus-digital-1093315
Bitwise Asset Management,Senior Backend Software Engineer,Remote,"software, design, crypto, bitcoin, ethereum, system, code, financial, investment, finance, cloud, node.js, exec, management, senior, operational, analytics, reliability, engineer, engineering, backend, digital nomad",https://remoteOK.com/remote-jobs/remote-senior-backend-software-engineer-bitwise-asset-management-1093313
Loop,Senior Application Security Engineer,,"security, technical, support, software, testing, code, serverless, cloud, management, lead, senior, engineer, engineering",https://remoteOK.com/remote-jobs/remote-senior-application-security-engineer-loop-1093311
Walter,Virtual Assistant Latin America,,english,https://remoteOK.com/remote-jobs/remote-virtual-assistant-latin-america-walter-1093309
